{
  "frames": {
    "Dead (1)": {
      "trimmed": true,
      "rotated": false,
      "frame": {
        "x": 584,
        "y": 112,
        "w": 38,
        "h": 46
      },
      "spriteSourceSize": {
        "x": 0,
        "y": 7,
        "w": 38,
        "h": 46
      },
      "sourceSize": {
        "w": 64,
        "h": 58
      }
    },
    "Dead (10)": {
      "trimmed": true,
      "rotated": false,
      "frame": {
        "x": 406,
        "y": 122,
        "w": 46,
        "h": 36
      },
      "spriteSourceSize": {
        "x": 15,
        "y": 17,
        "w": 46,
        "h": 36
      },
      "sourceSize": {
        "w": 64,
        "h": 58
      }
    },
    "Dead (9)": {
      "trimmed": true,
      "rotated": false,
      "frame": {
        "x": 406,
        "y": 122,
        "w": 46,
        "h": 36
      },
      "spriteSourceSize": {
        "x": 15,
        "y": 17,
        "w": 46,
        "h": 36
      },
      "sourceSize": {
        "w": 64,
        "h": 58
      }
    },
    "Dead (2)": {
      "trimmed": true,
      "rotated": false,
      "frame": {
        "x": 90,
        "y": 107,
        "w": 39,
        "h": 51
      },
      "spriteSourceSize": {
        "x": 7,
        "y": 2,
        "w": 39,
        "h": 51
      },
      "sourceSize": {
        "w": 64,
        "h": 58
      }
    },
    "Dead (3)": {
      "trimmed": true,
      "rotated": false,
      "frame": {
        "x": 46,
        "y": 107,
        "w": 44,
        "h": 51
      },
      "spriteSourceSize": {
        "x": 10,
        "y": 2,
        "w": 44,
        "h": 51
      },
      "sourceSize": {
        "w": 64,
        "h": 58
      }
    },
    "Dead (4)": {
      "trimmed": true,
      "rotated": false,
      "frame": {
        "x": 497,
        "y": 119,
        "w": 44,
        "h": 39
      },
      "spriteSourceSize": {
        "x": 14,
        "y": 14,
        "w": 44,
        "h": 39
      },
      "sourceSize": {
        "w": 64,
        "h": 58
      }
    },
    "Dead (5)": {
      "trimmed": true,
      "rotated": false,
      "frame": {
        "x": 129,
        "y": 117,
        "w": 48,
        "h": 41
      },
      "spriteSourceSize": {
        "x": 14,
        "y": 12,
        "w": 48,
        "h": 41
      },
      "sourceSize": {
        "w": 64,
        "h": 58
      }
    },
    "Dead (6)": {
      "trimmed": true,
      "rotated": false,
      "frame": {
        "x": 268,
        "y": 119,
        "w": 46,
        "h": 39
      },
      "spriteSourceSize": {
        "x": 15,
        "y": 14,
        "w": 46,
        "h": 39
      },
      "sourceSize": {
        "w": 64,
        "h": 58
      }
    },
    "Dead (7)": {
      "trimmed": true,
      "rotated": false,
      "frame": {
        "x": 361,
        "y": 120,
        "w": 45,
        "h": 38
      },
      "spriteSourceSize": {
        "x": 15,
        "y": 15,
        "w": 45,
        "h": 38
      },
      "sourceSize": {
        "w": 64,
        "h": 58
      }
    },
    "Dead (8)": {
      "trimmed": true,
      "rotated": false,
      "frame": {
        "x": 452,
        "y": 121,
        "w": 45,
        "h": 37
      },
      "spriteSourceSize": {
        "x": 15,
        "y": 16,
        "w": 45,
        "h": 37
      },
      "sourceSize": {
        "w": 64,
        "h": 58
      }
    },
    "Fall (1)": {
      "trimmed": true,
      "rotated": false,
      "frame": {
        "x": 507,
        "y": 70,
        "w": 34,
        "h": 49
      },
      "spriteSourceSize": {
        "x": 8,
        "y": 3,
        "w": 34,
        "h": 49
      },
      "sourceSize": {
        "w": 64,
        "h": 56
      }
    },
    "Jump (5)": {
      "trimmed": true,
      "rotated": false,
      "frame": {
        "x": 507,
        "y": 70,
        "w": 34,
        "h": 49
      },
      "spriteSourceSize": {
        "x": 8,
        "y": 3,
        "w": 34,
        "h": 49
      },
      "sourceSize": {
        "w": 64,
        "h": 56
      }
    },
    "Fall (2)": {
      "trimmed": true,
      "rotated": false,
      "frame": {
        "x": 41,
        "y": 0,
        "w": 35,
        "h": 53
      },
      "spriteSourceSize": {
        "x": 8,
        "y": 2,
        "w": 35,
        "h": 53
      },
      "sourceSize": {
        "w": 64,
        "h": 56
      }
    },
    "Fall (3)": {
      "trimmed": true,
      "rotated": false,
      "frame": {
        "x": 660,
        "y": 106,
        "w": 36,
        "h": 52
      },
      "spriteSourceSize": {
        "x": 8,
        "y": 2,
        "w": 36,
        "h": 52
      },
      "sourceSize": {
        "w": 64,
        "h": 56
      }
    },
    "Fall (4)": {
      "trimmed": true,
      "rotated": false,
      "frame": {
        "x": 124,
        "y": 56,
        "w": 35,
        "h": 51
      },
      "spriteSourceSize": {
        "x": 8,
        "y": 2,
        "w": 35,
        "h": 51
      },
      "sourceSize": {
        "w": 64,
        "h": 56
      }
    },
    "Fall (5)": {
      "trimmed": true,
      "rotated": false,
      "frame": {
        "x": 159,
        "y": 56,
        "w": 34,
        "h": 50
      },
      "spriteSourceSize": {
        "x": 8,
        "y": 3,
        "w": 34,
        "h": 50
      },
      "sourceSize": {
        "w": 64,
        "h": 56
      }
    },
    "Fall (6)": {
      "trimmed": true,
      "rotated": false,
      "frame": {
        "x": 402,
        "y": 68,
        "w": 35,
        "h": 51
      },
      "spriteSourceSize": {
        "x": 8,
        "y": 2,
        "w": 35,
        "h": 51
      },
      "sourceSize": {
        "w": 64,
        "h": 56
      }
    },
    "Fall (7)": {
      "trimmed": true,
      "rotated": false,
      "frame": {
        "x": 804,
        "y": 107,
        "w": 36,
        "h": 51
      },
      "spriteSourceSize": {
        "x": 8,
        "y": 2,
        "w": 36,
        "h": 51
      },
      "sourceSize": {
        "w": 64,
        "h": 56
      }
    },
    "Fall (8)": {
      "trimmed": true,
      "rotated": false,
      "frame": {
        "x": 437,
        "y": 70,
        "w": 35,
        "h": 51
      },
      "spriteSourceSize": {
        "x": 8,
        "y": 2,
        "w": 35,
        "h": 51
      },
      "sourceSize": {
        "w": 64,
        "h": 56
      }
    },
    "Hurt (1)": {
      "trimmed": true,
      "rotated": false,
      "frame": {
        "x": 622,
        "y": 111,
        "w": 38,
        "h": 47
      },
      "spriteSourceSize": {
        "x": 9,
        "y": 8,
        "w": 38,
        "h": 47
      },
      "sourceSize": {
        "w": 64,
        "h": 56
      }
    },
    "Hurt (10)": {
      "trimmed": true,
      "rotated": false,
      "frame": {
        "x": 0,
        "y": 0,
        "w": 41,
        "h": 53
      },
      "spriteSourceSize": {
        "x": 15,
        "y": 2,
        "w": 41,
        "h": 53
      },
      "sourceSize": {
        "w": 64,
        "h": 56
      }
    },
    "Hurt (2)": {
      "trimmed": true,
      "rotated": false,
      "frame": {
        "x": 86,
        "y": 56,
        "w": 38,
        "h": 51
      },
      "spriteSourceSize": {
        "x": 14,
        "y": 4,
        "w": 38,
        "h": 51
      },
      "sourceSize": {
        "w": 64,
        "h": 56
      }
    },
    "Hurt (3)": {
      "trimmed": true,
      "rotated": false,
      "frame": {
        "x": 0,
        "y": 53,
        "w": 42,
        "h": 54
      },
      "spriteSourceSize": {
        "x": 14,
        "y": 1,
        "w": 42,
        "h": 54
      },
      "sourceSize": {
        "w": 64,
        "h": 56
      }
    },
    "Hurt (4)": {
      "trimmed": true,
      "rotated": false,
      "frame": {
        "x": 0,
        "y": 107,
        "w": 46,
        "h": 51
      },
      "spriteSourceSize": {
        "x": 14,
        "y": 4,
        "w": 46,
        "h": 51
      },
      "sourceSize": {
        "w": 64,
        "h": 56
      }
    },
    "Hurt (5)": {
      "trimmed": true,
      "rotated": false,
      "frame": {
        "x": 177,
        "y": 116,
        "w": 45,
        "h": 42
      },
      "spriteSourceSize": {
        "x": 15,
        "y": 13,
        "w": 45,
        "h": 42
      },
      "sourceSize": {
        "w": 64,
        "h": 56
      }
    },
    "Hurt (6)": {
      "trimmed": true,
      "rotated": false,
      "frame": {
        "x": 222,
        "y": 118,
        "w": 46,
        "h": 40
      },
      "spriteSourceSize": {
        "x": 15,
        "y": 15,
        "w": 46,
        "h": 40
      },
      "sourceSize": {
        "w": 64,
        "h": 56
      }
    },
    "Hurt (7)": {
      "trimmed": true,
      "rotated": false,
      "frame": {
        "x": 314,
        "y": 120,
        "w": 47,
        "h": 38
      },
      "spriteSourceSize": {
        "x": 16,
        "y": 17,
        "w": 47,
        "h": 38
      },
      "sourceSize": {
        "w": 64,
        "h": 56
      }
    },
    "Hurt (8)": {
      "trimmed": true,
      "rotated": false,
      "frame": {
        "x": 541,
        "y": 113,
        "w": 43,
        "h": 45
      },
      "spriteSourceSize": {
        "x": 16,
        "y": 10,
        "w": 43,
        "h": 45
      },
      "sourceSize": {
        "w": 64,
        "h": 56
      }
    },
    "Hurt (9)": {
      "trimmed": true,
      "rotated": false,
      "frame": {
        "x": 42,
        "y": 57,
        "w": 44,
        "h": 50
      },
      "spriteSourceSize": {
        "x": 15,
        "y": 5,
        "w": 44,
        "h": 50
      },
      "sourceSize": {
        "w": 64,
        "h": 56
      }
    },
    "Idle (1)": {
      "trimmed": true,
      "rotated": false,
      "frame": {
        "x": 76,
        "y": 4,
        "w": 35,
        "h": 52
      },
      "spriteSourceSize": {
        "x": 12,
        "y": 3,
        "w": 35,
        "h": 52
      },
      "sourceSize": {
        "w": 64,
        "h": 56
      }
    },
    "Idle (10)": {
      "trimmed": true,
      "rotated": false,
      "frame": {
        "x": 111,
        "y": 4,
        "w": 35,
        "h": 52
      },
      "spriteSourceSize": {
        "x": 12,
        "y": 3,
        "w": 35,
        "h": 52
      },
      "sourceSize": {
        "w": 64,
        "h": 56
      }
    },
    "Idle (2)": {
      "trimmed": true,
      "rotated": false,
      "frame": {
        "x": 146,
        "y": 4,
        "w": 35,
        "h": 52
      },
      "spriteSourceSize": {
        "x": 12,
        "y": 3,
        "w": 35,
        "h": 52
      },
      "sourceSize": {
        "w": 64,
        "h": 56
      }
    },
    "Idle (3)": {
      "trimmed": true,
      "rotated": false,
      "frame": {
        "x": 193,
        "y": 64,
        "w": 35,
        "h": 52
      },
      "spriteSourceSize": {
        "x": 12,
        "y": 3,
        "w": 35,
        "h": 52
      },
      "sourceSize": {
        "w": 64,
        "h": 56
      }
    },
    "Idle (4)": {
      "trimmed": true,
      "rotated": false,
      "frame": {
        "x": 422,
        "y": 17,
        "w": 35,
        "h": 51
      },
      "spriteSourceSize": {
        "x": 12,
        "y": 4,
        "w": 35,
        "h": 51
      },
      "sourceSize": {
        "w": 64,
        "h": 56
      }
    },
    "Idle (5)": {
      "trimmed": true,
      "rotated": false,
      "frame": {
        "x": 457,
        "y": 19,
        "w": 35,
        "h": 51
      },
      "spriteSourceSize": {
        "x": 12,
        "y": 4,
        "w": 35,
        "h": 51
      },
      "sourceSize": {
        "w": 64,
        "h": 56
      }
    },
    "Idle (6)": {
      "trimmed": true,
      "rotated": false,
      "frame": {
        "x": 492,
        "y": 19,
        "w": 35,
        "h": 51
      },
      "spriteSourceSize": {
        "x": 12,
        "y": 4,
        "w": 35,
        "h": 51
      },
      "sourceSize": {
        "w": 64,
        "h": 56
      }
    },
    "Idle (7)": {
      "trimmed": true,
      "rotated": false,
      "frame": {
        "x": 775,
        "y": 55,
        "w": 35,
        "h": 51
      },
      "spriteSourceSize": {
        "x": 12,
        "y": 4,
        "w": 35,
        "h": 51
      },
      "sourceSize": {
        "w": 64,
        "h": 56
      }
    },
    "Idle (8)": {
      "trimmed": true,
      "rotated": false,
      "frame": {
        "x": 810,
        "y": 56,
        "w": 35,
        "h": 51
      },
      "spriteSourceSize": {
        "x": 12,
        "y": 4,
        "w": 35,
        "h": 51
      },
      "sourceSize": {
        "w": 64,
        "h": 56
      }
    },
    "Idle (9)": {
      "trimmed": true,
      "rotated": false,
      "frame": {
        "x": 228,
        "y": 66,
        "w": 35,
        "h": 52
      },
      "spriteSourceSize": {
        "x": 12,
        "y": 3,
        "w": 35,
        "h": 52
      },
      "sourceSize": {
        "w": 64,
        "h": 56
      }
    },
    "Jump (1)": {
      "trimmed": true,
      "rotated": false,
      "frame": {
        "x": 696,
        "y": 106,
        "w": 36,
        "h": 52
      },
      "spriteSourceSize": {
        "x": 15,
        "y": 3,
        "w": 36,
        "h": 52
      },
      "sourceSize": {
        "w": 64,
        "h": 56
      }
    },
    "Jump (2)": {
      "trimmed": true,
      "rotated": false,
      "frame": {
        "x": 181,
        "y": 4,
        "w": 34,
        "h": 52
      },
      "spriteSourceSize": {
        "x": 12,
        "y": 2,
        "w": 34,
        "h": 52
      },
      "sourceSize": {
        "w": 64,
        "h": 56
      }
    },
    "Jump (3)": {
      "trimmed": true,
      "rotated": false,
      "frame": {
        "x": 527,
        "y": 22,
        "w": 35,
        "h": 48
      },
      "spriteSourceSize": {
        "x": 7,
        "y": 2,
        "w": 35,
        "h": 48
      },
      "sourceSize": {
        "w": 64,
        "h": 56
      }
    },
    "Jump (4)": {
      "trimmed": true,
      "rotated": false,
      "frame": {
        "x": 597,
        "y": 21,
        "w": 34,
        "h": 48
      },
      "spriteSourceSize": {
        "x": 8,
        "y": 3,
        "w": 34,
        "h": 48
      },
      "sourceSize": {
        "w": 64,
        "h": 56
      }
    },
    "Jump (6)": {
      "trimmed": true,
      "rotated": false,
      "frame": {
        "x": 785,
        "y": 7,
        "w": 34,
        "h": 48
      },
      "spriteSourceSize": {
        "x": 8,
        "y": 3,
        "w": 34,
        "h": 48
      },
      "sourceSize": {
        "w": 64,
        "h": 56
      }
    },
    "Jump (7)": {
      "trimmed": true,
      "rotated": false,
      "frame": {
        "x": 562,
        "y": 22,
        "w": 35,
        "h": 48
      },
      "spriteSourceSize": {
        "x": 7,
        "y": 2,
        "w": 35,
        "h": 48
      },
      "sourceSize": {
        "w": 64,
        "h": 56
      }
    },
    "Jump (8)": {
      "trimmed": true,
      "rotated": false,
      "frame": {
        "x": 819,
        "y": 8,
        "w": 34,
        "h": 48
      },
      "spriteSourceSize": {
        "x": 8,
        "y": 3,
        "w": 34,
        "h": 48
      },
      "sourceSize": {
        "w": 64,
        "h": 56
      }
    },
    "Run (1)": {
      "trimmed": true,
      "rotated": false,
      "frame": {
        "x": 732,
        "y": 106,
        "w": 36,
        "h": 52
      },
      "spriteSourceSize": {
        "x": 15,
        "y": 3,
        "w": 36,
        "h": 52
      },
      "sourceSize": {
        "w": 64,
        "h": 56
      }
    },
    "Run (2)": {
      "trimmed": true,
      "rotated": false,
      "frame": {
        "x": 840,
        "y": 107,
        "w": 36,
        "h": 51
      },
      "spriteSourceSize": {
        "x": 16,
        "y": 3,
        "w": 36,
        "h": 51
      },
      "sourceSize": {
        "w": 64,
        "h": 56
      }
    },
    "Run (3)": {
      "trimmed": true,
      "rotated": false,
      "frame": {
        "x": 853,
        "y": 9,
        "w": 34,
        "h": 47
      },
      "spriteSourceSize": {
        "x": 18,
        "y": 4,
        "w": 34,
        "h": 47
      },
      "sourceSize": {
        "w": 64,
        "h": 56
      }
    },
    "Run (4)": {
      "trimmed": true,
      "rotated": false,
      "frame": {
        "x": 876,
        "y": 107,
        "w": 36,
        "h": 51
      },
      "spriteSourceSize": {
        "x": 16,
        "y": 3,
        "w": 36,
        "h": 51
      },
      "sourceSize": {
        "w": 64,
        "h": 56
      }
    },
    "Run (5)": {
      "trimmed": true,
      "rotated": false,
      "frame": {
        "x": 768,
        "y": 106,
        "w": 36,
        "h": 52
      },
      "spriteSourceSize": {
        "x": 15,
        "y": 3,
        "w": 36,
        "h": 52
      },
      "sourceSize": {
        "w": 64,
        "h": 56
      }
    },
    "Run (6)": {
      "trimmed": true,
      "rotated": false,
      "frame": {
        "x": 845,
        "y": 56,
        "w": 35,
        "h": 51
      },
      "spriteSourceSize": {
        "x": 16,
        "y": 3,
        "w": 35,
        "h": 51
      },
      "sourceSize": {
        "w": 64,
        "h": 56
      }
    },
    "Run (7)": {
      "trimmed": true,
      "rotated": false,
      "frame": {
        "x": 472,
        "y": 70,
        "w": 35,
        "h": 49
      },
      "spriteSourceSize": {
        "x": 17,
        "y": 3,
        "w": 35,
        "h": 49
      },
      "sourceSize": {
        "w": 64,
        "h": 56
      }
    },
    "Run (8)": {
      "trimmed": true,
      "rotated": false,
      "frame": {
        "x": 880,
        "y": 56,
        "w": 35,
        "h": 51
      },
      "spriteSourceSize": {
        "x": 16,
        "y": 3,
        "w": 35,
        "h": 51
      },
      "sourceSize": {
        "w": 64,
        "h": 56
      }
    },
    "Slide (1)": {
      "trimmed": true,
      "rotated": false,
      "frame": {
        "x": 631,
        "y": 23,
        "w": 38,
        "h": 42
      },
      "spriteSourceSize": {
        "x": 3,
        "y": 13,
        "w": 38,
        "h": 42
      },
      "sourceSize": {
        "w": 64,
        "h": 56
      }
    },
    "Slide (10)": {
      "trimmed": true,
      "rotated": false,
      "frame": {
        "x": 541,
        "y": 71,
        "w": 39,
        "h": 42
      },
      "spriteSourceSize": {
        "x": 2,
        "y": 13,
        "w": 39,
        "h": 42
      },
      "sourceSize": {
        "w": 64,
        "h": 56
      }
    },
    "Slide (2)": {
      "trimmed": true,
      "rotated": false,
      "frame": {
        "x": 580,
        "y": 70,
        "w": 39,
        "h": 42
      },
      "spriteSourceSize": {
        "x": 2,
        "y": 13,
        "w": 39,
        "h": 42
      },
      "sourceSize": {
        "w": 64,
        "h": 56
      }
    },
    "Slide (3)": {
      "trimmed": true,
      "rotated": false,
      "frame": {
        "x": 619,
        "y": 69,
        "w": 39,
        "h": 42
      },
      "spriteSourceSize": {
        "x": 2,
        "y": 13,
        "w": 39,
        "h": 42
      },
      "sourceSize": {
        "w": 64,
        "h": 56
      }
    },
    "Slide (4)": {
      "trimmed": true,
      "rotated": false,
      "frame": {
        "x": 658,
        "y": 65,
        "w": 39,
        "h": 41
      },
      "spriteSourceSize": {
        "x": 2,
        "y": 14,
        "w": 39,
        "h": 41
      },
      "sourceSize": {
        "w": 64,
        "h": 56
      }
    },
    "Slide (5)": {
      "trimmed": true,
      "rotated": false,
      "frame": {
        "x": 697,
        "y": 64,
        "w": 39,
        "h": 42
      },
      "spriteSourceSize": {
        "x": 2,
        "y": 13,
        "w": 39,
        "h": 42
      },
      "sourceSize": {
        "w": 64,
        "h": 56
      }
    },
    "Slide (6)": {
      "trimmed": true,
      "rotated": false,
      "frame": {
        "x": 747,
        "y": 13,
        "w": 38,
        "h": 42
      },
      "spriteSourceSize": {
        "x": 3,
        "y": 13,
        "w": 38,
        "h": 42
      },
      "sourceSize": {
        "w": 64,
        "h": 56
      }
    },
    "Slide (7)": {
      "trimmed": true,
      "rotated": false,
      "frame": {
        "x": 736,
        "y": 64,
        "w": 39,
        "h": 42
      },
      "spriteSourceSize": {
        "x": 2,
        "y": 13,
        "w": 39,
        "h": 42
      },
      "sourceSize": {
        "w": 64,
        "h": 56
      }
    },
    "Slide (8)": {
      "trimmed": true,
      "rotated": false,
      "frame": {
        "x": 669,
        "y": 23,
        "w": 39,
        "h": 41
      },
      "spriteSourceSize": {
        "x": 2,
        "y": 14,
        "w": 39,
        "h": 41
      },
      "sourceSize": {
        "w": 64,
        "h": 56
      }
    },
    "Slide (9)": {
      "trimmed": true,
      "rotated": false,
      "frame": {
        "x": 708,
        "y": 23,
        "w": 39,
        "h": 41
      },
      "spriteSourceSize": {
        "x": 2,
        "y": 14,
        "w": 39,
        "h": 41
      },
      "sourceSize": {
        "w": 64,
        "h": 56
      }
    },
    "Walk (1)": {
      "trimmed": true,
      "rotated": false,
      "frame": {
        "x": 263,
        "y": 66,
        "w": 35,
        "h": 52
      },
      "spriteSourceSize": {
        "x": 12,
        "y": 3,
        "w": 35,
        "h": 52
      },
      "sourceSize": {
        "w": 64,
        "h": 56
      }
    },
    "Walk (10)": {
      "trimmed": true,
      "rotated": false,
      "frame": {
        "x": 298,
        "y": 67,
        "w": 34,
        "h": 52
      },
      "spriteSourceSize": {
        "x": 12,
        "y": 3,
        "w": 34,
        "h": 52
      },
      "sourceSize": {
        "w": 64,
        "h": 56
      }
    },
    "Walk (2)": {
      "trimmed": true,
      "rotated": false,
      "frame": {
        "x": 215,
        "y": 12,
        "w": 34,
        "h": 52
      },
      "spriteSourceSize": {
        "x": 12,
        "y": 2,
        "w": 34,
        "h": 52
      },
      "sourceSize": {
        "w": 64,
        "h": 56
      }
    },
    "Walk (3)": {
      "trimmed": true,
      "rotated": false,
      "frame": {
        "x": 332,
        "y": 68,
        "w": 35,
        "h": 52
      },
      "spriteSourceSize": {
        "x": 11,
        "y": 2,
        "w": 35,
        "h": 52
      },
      "sourceSize": {
        "w": 64,
        "h": 56
      }
    },
    "Walk (4)": {
      "trimmed": true,
      "rotated": false,
      "frame": {
        "x": 367,
        "y": 68,
        "w": 35,
        "h": 52
      },
      "spriteSourceSize": {
        "x": 11,
        "y": 2,
        "w": 35,
        "h": 52
      },
      "sourceSize": {
        "w": 64,
        "h": 56
      }
    },
    "Walk (5)": {
      "trimmed": true,
      "rotated": false,
      "frame": {
        "x": 284,
        "y": 14,
        "w": 34,
        "h": 52
      },
      "spriteSourceSize": {
        "x": 12,
        "y": 2,
        "w": 34,
        "h": 52
      },
      "sourceSize": {
        "w": 64,
        "h": 56
      }
    },
    "Walk (6)": {
      "trimmed": true,
      "rotated": false,
      "frame": {
        "x": 249,
        "y": 14,
        "w": 35,
        "h": 52
      },
      "spriteSourceSize": {
        "x": 12,
        "y": 3,
        "w": 35,
        "h": 52
      },
      "sourceSize": {
        "w": 64,
        "h": 56
      }
    },
    "Walk (7)": {
      "trimmed": true,
      "rotated": false,
      "frame": {
        "x": 318,
        "y": 15,
        "w": 34,
        "h": 52
      },
      "spriteSourceSize": {
        "x": 12,
        "y": 3,
        "w": 34,
        "h": 52
      },
      "sourceSize": {
        "w": 64,
        "h": 56
      }
    },
    "Walk (8)": {
      "trimmed": true,
      "rotated": false,
      "frame": {
        "x": 352,
        "y": 16,
        "w": 35,
        "h": 52
      },
      "spriteSourceSize": {
        "x": 11,
        "y": 2,
        "w": 35,
        "h": 52
      },
      "sourceSize": {
        "w": 64,
        "h": 56
      }
    },
    "Walk (9)": {
      "trimmed": true,
      "rotated": false,
      "frame": {
        "x": 387,
        "y": 16,
        "w": 35,
        "h": 52
      },
      "spriteSourceSize": {
        "x": 11,
        "y": 2,
        "w": 35,
        "h": 52
      },
      "sourceSize": {
        "w": 64,
        "h": 56
      }
    }
  },
  "meta": {
    "app": "Phaser Editor",
    "version": "1",
    "image": "cat.png"
  }
}