{
  "frames": {
    "Dead (1)": {
      "trimmed": true,
      "rotated": false,
      "frame": {
        "x": 214,
        "y": 81,
        "w": 38,
        "h": 43
      },
      "spriteSourceSize": {
        "x": 0,
        "y": 8,
        "w": 38,
        "h": 43
      },
      "sourceSize": {
        "w": 64,
        "h": 56
      }
    },
    "Dead (10)": {
      "trimmed": true,
      "rotated": false,
      "frame": {
        "x": 219,
        "y": 365,
        "w": 45,
        "h": 33
      },
      "spriteSourceSize": {
        "x": 15,
        "y": 18,
        "w": 45,
        "h": 33
      },
      "sourceSize": {
        "w": 64,
        "h": 56
      }
    },
    "Dead (9)": {
      "trimmed": true,
      "rotated": false,
      "frame": {
        "x": 219,
        "y": 365,
        "w": 45,
        "h": 33
      },
      "spriteSourceSize": {
        "x": 15,
        "y": 18,
        "w": 45,
        "h": 33
      },
      "sourceSize": {
        "w": 64,
        "h": 56
      }
    },
    "Dead (2)": {
      "trimmed": true,
      "rotated": false,
      "frame": {
        "x": 83,
        "y": 430,
        "w": 37,
        "h": 48
      },
      "spriteSourceSize": {
        "x": 9,
        "y": 3,
        "w": 37,
        "h": 48
      },
      "sourceSize": {
        "w": 64,
        "h": 56
      }
    },
    "Dead (3)": {
      "trimmed": true,
      "rotated": false,
      "frame": {
        "x": 41,
        "y": 430,
        "w": 42,
        "h": 48
      },
      "spriteSourceSize": {
        "x": 12,
        "y": 3,
        "w": 42,
        "h": 48
      },
      "sourceSize": {
        "w": 64,
        "h": 56
      }
    },
    "Dead (4)": {
      "trimmed": true,
      "rotated": false,
      "frame": {
        "x": 217,
        "y": 253,
        "w": 43,
        "h": 38
      },
      "spriteSourceSize": {
        "x": 14,
        "y": 13,
        "w": 43,
        "h": 38
      },
      "sourceSize": {
        "w": 64,
        "h": 56
      }
    },
    "Dead (5)": {
      "trimmed": true,
      "rotated": false,
      "frame": {
        "x": 207,
        "y": 489,
        "w": 46,
        "h": 39
      },
      "spriteSourceSize": {
        "x": 15,
        "y": 12,
        "w": 46,
        "h": 39
      },
      "sourceSize": {
        "w": 64,
        "h": 56
      }
    },
    "Dead (6)": {
      "trimmed": true,
      "rotated": false,
      "frame": {
        "x": 219,
        "y": 398,
        "w": 46,
        "h": 36
      },
      "spriteSourceSize": {
        "x": 15,
        "y": 15,
        "w": 46,
        "h": 36
      },
      "sourceSize": {
        "w": 64,
        "h": 56
      }
    },
    "Dead (7)": {
      "trimmed": true,
      "rotated": false,
      "frame": {
        "x": 219,
        "y": 331,
        "w": 45,
        "h": 34
      },
      "spriteSourceSize": {
        "x": 15,
        "y": 17,
        "w": 45,
        "h": 34
      },
      "sourceSize": {
        "w": 64,
        "h": 56
      }
    },
    "Dead (8)": {
      "trimmed": true,
      "rotated": false,
      "frame": {
        "x": 214,
        "y": 47,
        "w": 45,
        "h": 34
      },
      "spriteSourceSize": {
        "x": 15,
        "y": 17,
        "w": 45,
        "h": 34
      },
      "sourceSize": {
        "w": 64,
        "h": 56
      }
    },
    "Fall (1)": {
      "trimmed": true,
      "rotated": false,
      "frame": {
        "x": 0,
        "y": 0,
        "w": 35,
        "h": 51
      },
      "spriteSourceSize": {
        "x": 8,
        "y": 1,
        "w": 35,
        "h": 51
      },
      "sourceSize": {
        "w": 64,
        "h": 56
      }
    },
    "Jump (5)": {
      "trimmed": true,
      "rotated": false,
      "frame": {
        "x": 0,
        "y": 0,
        "w": 35,
        "h": 51
      },
      "spriteSourceSize": {
        "x": 8,
        "y": 1,
        "w": 35,
        "h": 51
      },
      "sourceSize": {
        "w": 64,
        "h": 56
      }
    },
    "Fall (2)": {
      "trimmed": true,
      "rotated": false,
      "frame": {
        "x": 35,
        "y": 52,
        "w": 35,
        "h": 53
      },
      "spriteSourceSize": {
        "x": 8,
        "y": 1,
        "w": 35,
        "h": 53
      },
      "sourceSize": {
        "w": 64,
        "h": 56
      }
    },
    "Fall (3)": {
      "trimmed": true,
      "rotated": false,
      "frame": {
        "x": 70,
        "y": 268,
        "w": 35,
        "h": 53
      },
      "spriteSourceSize": {
        "x": 8,
        "y": 0,
        "w": 35,
        "h": 53
      },
      "sourceSize": {
        "w": 64,
        "h": 56
      }
    },
    "Fall (4)": {
      "trimmed": true,
      "rotated": false,
      "frame": {
        "x": 35,
        "y": 0,
        "w": 35,
        "h": 52
      },
      "spriteSourceSize": {
        "x": 8,
        "y": 1,
        "w": 35,
        "h": 52
      },
      "sourceSize": {
        "w": 64,
        "h": 56
      }
    },
    "Fall (5)": {
      "trimmed": true,
      "rotated": false,
      "frame": {
        "x": 140,
        "y": 272,
        "w": 35,
        "h": 52
      },
      "spriteSourceSize": {
        "x": 8,
        "y": 1,
        "w": 35,
        "h": 52
      },
      "sourceSize": {
        "w": 64,
        "h": 56
      }
    },
    "Fall (6)": {
      "trimmed": true,
      "rotated": false,
      "frame": {
        "x": 140,
        "y": 220,
        "w": 35,
        "h": 52
      },
      "spriteSourceSize": {
        "x": 8,
        "y": 1,
        "w": 35,
        "h": 52
      },
      "sourceSize": {
        "w": 64,
        "h": 56
      }
    },
    "Fall (7)": {
      "trimmed": true,
      "rotated": false,
      "frame": {
        "x": 70,
        "y": 215,
        "w": 35,
        "h": 53
      },
      "spriteSourceSize": {
        "x": 8,
        "y": 0,
        "w": 35,
        "h": 53
      },
      "sourceSize": {
        "w": 64,
        "h": 56
      }
    },
    "Fall (8)": {
      "trimmed": true,
      "rotated": false,
      "frame": {
        "x": 140,
        "y": 168,
        "w": 35,
        "h": 52
      },
      "spriteSourceSize": {
        "x": 8,
        "y": 1,
        "w": 35,
        "h": 52
      },
      "sourceSize": {
        "w": 64,
        "h": 56
      }
    },
    "Hurt (1)": {
      "trimmed": true,
      "rotated": false,
      "frame": {
        "x": 126,
        "y": 482,
        "w": 40,
        "h": 46
      },
      "spriteSourceSize": {
        "x": 8,
        "y": 9,
        "w": 40,
        "h": 46
      },
      "sourceSize": {
        "w": 64,
        "h": 56
      }
    },
    "Hurt (10)": {
      "trimmed": true,
      "rotated": false,
      "frame": {
        "x": 0,
        "y": 375,
        "w": 40,
        "h": 51
      },
      "spriteSourceSize": {
        "x": 17,
        "y": 4,
        "w": 40,
        "h": 51
      },
      "sourceSize": {
        "w": 64,
        "h": 56
      }
    },
    "Hurt (2)": {
      "trimmed": true,
      "rotated": false,
      "frame": {
        "x": 87,
        "y": 479,
        "w": 39,
        "h": 49
      },
      "spriteSourceSize": {
        "x": 14,
        "y": 6,
        "w": 39,
        "h": 49
      },
      "sourceSize": {
        "w": 64,
        "h": 56
      }
    },
    "Hurt (3)": {
      "trimmed": true,
      "rotated": false,
      "frame": {
        "x": 0,
        "y": 426,
        "w": 41,
        "h": 52
      },
      "spriteSourceSize": {
        "x": 16,
        "y": 3,
        "w": 41,
        "h": 52
      },
      "sourceSize": {
        "w": 64,
        "h": 56
      }
    },
    "Hurt (4)": {
      "trimmed": true,
      "rotated": false,
      "frame": {
        "x": 0,
        "y": 478,
        "w": 45,
        "h": 50
      },
      "spriteSourceSize": {
        "x": 16,
        "y": 5,
        "w": 45,
        "h": 50
      },
      "sourceSize": {
        "w": 64,
        "h": 56
      }
    },
    "Hurt (5)": {
      "trimmed": true,
      "rotated": false,
      "frame": {
        "x": 175,
        "y": 302,
        "w": 42,
        "h": 42
      },
      "spriteSourceSize": {
        "x": 17,
        "y": 13,
        "w": 42,
        "h": 42
      },
      "sourceSize": {
        "w": 64,
        "h": 56
      }
    },
    "Hurt (6)": {
      "trimmed": true,
      "rotated": false,
      "frame": {
        "x": 175,
        "y": 261,
        "w": 42,
        "h": 41
      },
      "spriteSourceSize": {
        "x": 18,
        "y": 14,
        "w": 42,
        "h": 41
      },
      "sourceSize": {
        "w": 64,
        "h": 56
      }
    },
    "Hurt (7)": {
      "trimmed": true,
      "rotated": false,
      "frame": {
        "x": 217,
        "y": 291,
        "w": 42,
        "h": 40
      },
      "spriteSourceSize": {
        "x": 19,
        "y": 0,
        "w": 42,
        "h": 40
      },
      "sourceSize": {
        "w": 64,
        "h": 56
      }
    },
    "Hurt (8)": {
      "trimmed": true,
      "rotated": false,
      "frame": {
        "x": 166,
        "y": 483,
        "w": 41,
        "h": 45
      },
      "spriteSourceSize": {
        "x": 18,
        "y": 10,
        "w": 41,
        "h": 45
      },
      "sourceSize": {
        "w": 64,
        "h": 56
      }
    },
    "Hurt (9)": {
      "trimmed": true,
      "rotated": false,
      "frame": {
        "x": 45,
        "y": 478,
        "w": 42,
        "h": 50
      },
      "spriteSourceSize": {
        "x": 17,
        "y": 5,
        "w": 42,
        "h": 50
      },
      "sourceSize": {
        "w": 64,
        "h": 56
      }
    },
    "Idle (1)": {
      "trimmed": true,
      "rotated": false,
      "frame": {
        "x": 0,
        "y": 321,
        "w": 35,
        "h": 54
      },
      "spriteSourceSize": {
        "x": 12,
        "y": 1,
        "w": 35,
        "h": 54
      },
      "sourceSize": {
        "w": 64,
        "h": 56
      }
    },
    "Idle (10)": {
      "trimmed": true,
      "rotated": false,
      "frame": {
        "x": 0,
        "y": 267,
        "w": 35,
        "h": 54
      },
      "spriteSourceSize": {
        "x": 12,
        "y": 1,
        "w": 35,
        "h": 54
      },
      "sourceSize": {
        "w": 64,
        "h": 56
      }
    },
    "Idle (2)": {
      "trimmed": true,
      "rotated": false,
      "frame": {
        "x": 0,
        "y": 213,
        "w": 35,
        "h": 54
      },
      "spriteSourceSize": {
        "x": 12,
        "y": 1,
        "w": 35,
        "h": 54
      },
      "sourceSize": {
        "w": 64,
        "h": 56
      }
    },
    "Idle (3)": {
      "trimmed": true,
      "rotated": false,
      "frame": {
        "x": 0,
        "y": 159,
        "w": 35,
        "h": 54
      },
      "spriteSourceSize": {
        "x": 12,
        "y": 1,
        "w": 35,
        "h": 54
      },
      "sourceSize": {
        "w": 64,
        "h": 56
      }
    },
    "Idle (4)": {
      "trimmed": true,
      "rotated": false,
      "frame": {
        "x": 70,
        "y": 162,
        "w": 35,
        "h": 53
      },
      "spriteSourceSize": {
        "x": 12,
        "y": 2,
        "w": 35,
        "h": 53
      },
      "sourceSize": {
        "w": 64,
        "h": 56
      }
    },
    "Idle (5)": {
      "trimmed": true,
      "rotated": false,
      "frame": {
        "x": 70,
        "y": 109,
        "w": 35,
        "h": 53
      },
      "spriteSourceSize": {
        "x": 12,
        "y": 2,
        "w": 35,
        "h": 53
      },
      "sourceSize": {
        "w": 64,
        "h": 56
      }
    },
    "Idle (6)": {
      "trimmed": true,
      "rotated": false,
      "frame": {
        "x": 70,
        "y": 56,
        "w": 35,
        "h": 53
      },
      "spriteSourceSize": {
        "x": 12,
        "y": 2,
        "w": 35,
        "h": 53
      },
      "sourceSize": {
        "w": 64,
        "h": 56
      }
    },
    "Idle (7)": {
      "trimmed": true,
      "rotated": false,
      "frame": {
        "x": 70,
        "y": 3,
        "w": 35,
        "h": 53
      },
      "spriteSourceSize": {
        "x": 12,
        "y": 2,
        "w": 35,
        "h": 53
      },
      "sourceSize": {
        "w": 64,
        "h": 56
      }
    },
    "Idle (8)": {
      "trimmed": true,
      "rotated": false,
      "frame": {
        "x": 75,
        "y": 377,
        "w": 35,
        "h": 53
      },
      "spriteSourceSize": {
        "x": 12,
        "y": 2,
        "w": 35,
        "h": 53
      },
      "sourceSize": {
        "w": 64,
        "h": 56
      }
    },
    "Idle (9)": {
      "trimmed": true,
      "rotated": false,
      "frame": {
        "x": 0,
        "y": 105,
        "w": 35,
        "h": 54
      },
      "spriteSourceSize": {
        "x": 12,
        "y": 1,
        "w": 35,
        "h": 54
      },
      "sourceSize": {
        "w": 64,
        "h": 56
      }
    },
    "Jump (1)": {
      "trimmed": true,
      "rotated": false,
      "frame": {
        "x": 0,
        "y": 51,
        "w": 35,
        "h": 54
      },
      "spriteSourceSize": {
        "x": 16,
        "y": 1,
        "w": 35,
        "h": 54
      },
      "sourceSize": {
        "w": 64,
        "h": 56
      }
    },
    "Jump (2)": {
      "trimmed": true,
      "rotated": false,
      "frame": {
        "x": 110,
        "y": 377,
        "w": 35,
        "h": 53
      },
      "spriteSourceSize": {
        "x": 12,
        "y": 1,
        "w": 35,
        "h": 53
      },
      "sourceSize": {
        "w": 64,
        "h": 56
      }
    },
    "Jump (3)": {
      "trimmed": true,
      "rotated": false,
      "frame": {
        "x": 120,
        "y": 430,
        "w": 35,
        "h": 49
      },
      "spriteSourceSize": {
        "x": 7,
        "y": 1,
        "w": 35,
        "h": 49
      },
      "sourceSize": {
        "w": 64,
        "h": 56
      }
    },
    "Jump (4)": {
      "trimmed": true,
      "rotated": false,
      "frame": {
        "x": 140,
        "y": 66,
        "w": 35,
        "h": 50
      },
      "spriteSourceSize": {
        "x": 7,
        "y": 1,
        "w": 35,
        "h": 50
      },
      "sourceSize": {
        "w": 64,
        "h": 56
      }
    },
    "Jump (6)": {
      "trimmed": true,
      "rotated": false,
      "frame": {
        "x": 140,
        "y": 16,
        "w": 35,
        "h": 50
      },
      "spriteSourceSize": {
        "x": 7,
        "y": 1,
        "w": 35,
        "h": 50
      },
      "sourceSize": {
        "w": 64,
        "h": 56
      }
    },
    "Jump (7)": {
      "trimmed": true,
      "rotated": false,
      "frame": {
        "x": 190,
        "y": 434,
        "w": 35,
        "h": 49
      },
      "spriteSourceSize": {
        "x": 7,
        "y": 1,
        "w": 35,
        "h": 49
      },
      "sourceSize": {
        "w": 64,
        "h": 56
      }
    },
    "Jump (8)": {
      "trimmed": true,
      "rotated": false,
      "frame": {
        "x": 155,
        "y": 432,
        "w": 35,
        "h": 50
      },
      "spriteSourceSize": {
        "x": 7,
        "y": 1,
        "w": 35,
        "h": 50
      },
      "sourceSize": {
        "w": 64,
        "h": 56
      }
    },
    "Run (1)": {
      "trimmed": true,
      "rotated": false,
      "frame": {
        "x": 35,
        "y": 321,
        "w": 35,
        "h": 54
      },
      "spriteSourceSize": {
        "x": 16,
        "y": 1,
        "w": 35,
        "h": 54
      },
      "sourceSize": {
        "w": 64,
        "h": 56
      }
    },
    "Run (2)": {
      "trimmed": true,
      "rotated": false,
      "frame": {
        "x": 105,
        "y": 271,
        "w": 35,
        "h": 53
      },
      "spriteSourceSize": {
        "x": 17,
        "y": 1,
        "w": 35,
        "h": 53
      },
      "sourceSize": {
        "w": 64,
        "h": 56
      }
    },
    "Run (3)": {
      "trimmed": true,
      "rotated": false,
      "frame": {
        "x": 225,
        "y": 440,
        "w": 35,
        "h": 49
      },
      "spriteSourceSize": {
        "x": 18,
        "y": 2,
        "w": 35,
        "h": 49
      },
      "sourceSize": {
        "w": 64,
        "h": 56
      }
    },
    "Run (4)": {
      "trimmed": true,
      "rotated": false,
      "frame": {
        "x": 105,
        "y": 218,
        "w": 35,
        "h": 53
      },
      "spriteSourceSize": {
        "x": 17,
        "y": 1,
        "w": 35,
        "h": 53
      },
      "sourceSize": {
        "w": 64,
        "h": 56
      }
    },
    "Run (5)": {
      "trimmed": true,
      "rotated": false,
      "frame": {
        "x": 35,
        "y": 267,
        "w": 35,
        "h": 54
      },
      "spriteSourceSize": {
        "x": 16,
        "y": 1,
        "w": 35,
        "h": 54
      },
      "sourceSize": {
        "w": 64,
        "h": 56
      }
    },
    "Run (6)": {
      "trimmed": true,
      "rotated": false,
      "frame": {
        "x": 104,
        "y": 324,
        "w": 36,
        "h": 53
      },
      "spriteSourceSize": {
        "x": 16,
        "y": 1,
        "w": 36,
        "h": 53
      },
      "sourceSize": {
        "w": 64,
        "h": 56
      }
    },
    "Run (7)": {
      "trimmed": true,
      "rotated": false,
      "frame": {
        "x": 40,
        "y": 375,
        "w": 35,
        "h": 51
      },
      "spriteSourceSize": {
        "x": 17,
        "y": 1,
        "w": 35,
        "h": 51
      },
      "sourceSize": {
        "w": 64,
        "h": 56
      }
    },
    "Run (8)": {
      "trimmed": true,
      "rotated": false,
      "frame": {
        "x": 105,
        "y": 165,
        "w": 35,
        "h": 53
      },
      "spriteSourceSize": {
        "x": 16,
        "y": 1,
        "w": 35,
        "h": 53
      },
      "sourceSize": {
        "w": 64,
        "h": 56
      }
    },
    "Slide (1)": {
      "trimmed": true,
      "rotated": false,
      "frame": {
        "x": 180,
        "y": 388,
        "w": 39,
        "h": 44
      },
      "spriteSourceSize": {
        "x": 2,
        "y": 11,
        "w": 39,
        "h": 44
      },
      "sourceSize": {
        "w": 64,
        "h": 56
      }
    },
    "Slide (10)": {
      "trimmed": true,
      "rotated": false,
      "frame": {
        "x": 180,
        "y": 344,
        "w": 39,
        "h": 44
      },
      "spriteSourceSize": {
        "x": 2,
        "y": 11,
        "w": 39,
        "h": 44
      },
      "sourceSize": {
        "w": 64,
        "h": 56
      }
    },
    "Slide (2)": {
      "trimmed": true,
      "rotated": false,
      "frame": {
        "x": 175,
        "y": 217,
        "w": 39,
        "h": 44
      },
      "spriteSourceSize": {
        "x": 2,
        "y": 11,
        "w": 39,
        "h": 44
      },
      "sourceSize": {
        "w": 64,
        "h": 56
      }
    },
    "Slide (3)": {
      "trimmed": true,
      "rotated": false,
      "frame": {
        "x": 175,
        "y": 42,
        "w": 39,
        "h": 43
      },
      "spriteSourceSize": {
        "x": 2,
        "y": 12,
        "w": 39,
        "h": 43
      },
      "sourceSize": {
        "w": 64,
        "h": 56
      }
    },
    "Slide (4)": {
      "trimmed": true,
      "rotated": false,
      "frame": {
        "x": 214,
        "y": 210,
        "w": 39,
        "h": 43
      },
      "spriteSourceSize": {
        "x": 2,
        "y": 12,
        "w": 39,
        "h": 43
      },
      "sourceSize": {
        "w": 64,
        "h": 56
      }
    },
    "Slide (5)": {
      "trimmed": true,
      "rotated": false,
      "frame": {
        "x": 175,
        "y": 173,
        "w": 39,
        "h": 44
      },
      "spriteSourceSize": {
        "x": 2,
        "y": 11,
        "w": 39,
        "h": 44
      },
      "sourceSize": {
        "w": 64,
        "h": 56
      }
    },
    "Slide (6)": {
      "trimmed": true,
      "rotated": false,
      "frame": {
        "x": 175,
        "y": 129,
        "w": 39,
        "h": 44
      },
      "spriteSourceSize": {
        "x": 2,
        "y": 11,
        "w": 39,
        "h": 44
      },
      "sourceSize": {
        "w": 64,
        "h": 56
      }
    },
    "Slide (7)": {
      "trimmed": true,
      "rotated": false,
      "frame": {
        "x": 175,
        "y": 85,
        "w": 39,
        "h": 44
      },
      "spriteSourceSize": {
        "x": 2,
        "y": 11,
        "w": 39,
        "h": 44
      },
      "sourceSize": {
        "w": 64,
        "h": 56
      }
    },
    "Slide (8)": {
      "trimmed": true,
      "rotated": false,
      "frame": {
        "x": 214,
        "y": 167,
        "w": 39,
        "h": 43
      },
      "spriteSourceSize": {
        "x": 2,
        "y": 12,
        "w": 39,
        "h": 43
      },
      "sourceSize": {
        "w": 64,
        "h": 56
      }
    },
    "Slide (9)": {
      "trimmed": true,
      "rotated": false,
      "frame": {
        "x": 214,
        "y": 124,
        "w": 39,
        "h": 43
      },
      "spriteSourceSize": {
        "x": 2,
        "y": 12,
        "w": 39,
        "h": 43
      },
      "sourceSize": {
        "w": 64,
        "h": 56
      }
    },
    "Walk (1)": {
      "trimmed": true,
      "rotated": false,
      "frame": {
        "x": 35,
        "y": 213,
        "w": 35,
        "h": 54
      },
      "spriteSourceSize": {
        "x": 12,
        "y": 1,
        "w": 35,
        "h": 54
      },
      "sourceSize": {
        "w": 64,
        "h": 56
      }
    },
    "Walk (10)": {
      "trimmed": true,
      "rotated": false,
      "frame": {
        "x": 70,
        "y": 321,
        "w": 34,
        "h": 54
      },
      "spriteSourceSize": {
        "x": 12,
        "y": 1,
        "w": 34,
        "h": 54
      },
      "sourceSize": {
        "w": 64,
        "h": 56
      }
    },
    "Walk (2)": {
      "trimmed": true,
      "rotated": false,
      "frame": {
        "x": 105,
        "y": 112,
        "w": 35,
        "h": 53
      },
      "spriteSourceSize": {
        "x": 11,
        "y": 1,
        "w": 35,
        "h": 53
      },
      "sourceSize": {
        "w": 64,
        "h": 56
      }
    },
    "Walk (3)": {
      "trimmed": true,
      "rotated": false,
      "frame": {
        "x": 105,
        "y": 59,
        "w": 35,
        "h": 53
      },
      "spriteSourceSize": {
        "x": 11,
        "y": 1,
        "w": 35,
        "h": 53
      },
      "sourceSize": {
        "w": 64,
        "h": 56
      }
    },
    "Walk (4)": {
      "trimmed": true,
      "rotated": false,
      "frame": {
        "x": 140,
        "y": 116,
        "w": 35,
        "h": 52
      },
      "spriteSourceSize": {
        "x": 11,
        "y": 1,
        "w": 35,
        "h": 52
      },
      "sourceSize": {
        "w": 64,
        "h": 56
      }
    },
    "Walk (5)": {
      "trimmed": true,
      "rotated": false,
      "frame": {
        "x": 105,
        "y": 6,
        "w": 35,
        "h": 53
      },
      "spriteSourceSize": {
        "x": 11,
        "y": 1,
        "w": 35,
        "h": 53
      },
      "sourceSize": {
        "w": 64,
        "h": 56
      }
    },
    "Walk (6)": {
      "trimmed": true,
      "rotated": false,
      "frame": {
        "x": 35,
        "y": 159,
        "w": 35,
        "h": 54
      },
      "spriteSourceSize": {
        "x": 12,
        "y": 1,
        "w": 35,
        "h": 54
      },
      "sourceSize": {
        "w": 64,
        "h": 56
      }
    },
    "Walk (7)": {
      "trimmed": true,
      "rotated": false,
      "frame": {
        "x": 35,
        "y": 105,
        "w": 35,
        "h": 54
      },
      "spriteSourceSize": {
        "x": 11,
        "y": 1,
        "w": 35,
        "h": 54
      },
      "sourceSize": {
        "w": 64,
        "h": 56
      }
    },
    "Walk (8)": {
      "trimmed": true,
      "rotated": false,
      "frame": {
        "x": 145,
        "y": 377,
        "w": 35,
        "h": 53
      },
      "spriteSourceSize": {
        "x": 11,
        "y": 1,
        "w": 35,
        "h": 53
      },
      "sourceSize": {
        "w": 64,
        "h": 56
      }
    },
    "Walk (9)": {
      "trimmed": true,
      "rotated": false,
      "frame": {
        "x": 140,
        "y": 324,
        "w": 35,
        "h": 53
      },
      "spriteSourceSize": {
        "x": 11,
        "y": 1,
        "w": 35,
        "h": 53
      },
      "sourceSize": {
        "w": 64,
        "h": 56
      }
    }
  },
  "meta": {
    "app": "Phaser Editor",
    "version": "1",
    "image": "dog.png"
  }
}