{
  "frames": {
    "Dead (1)": {
      "trimmed": true,
      "rotated": false,
      "frame": {
        "x": 757,
        "y": 82,
        "w": 32,
        "h": 43
      },
      "spriteSourceSize": {
        "x": 10,
        "y": 6,
        "w": 32,
        "h": 43
      },
      "sourceSize": {
        "w": 64,
        "h": 52
      }
    },
    "Dead (10)": {
      "trimmed": true,
      "rotated": false,
      "frame": {
        "x": 678,
        "y": 34,
        "w": 41,
        "h": 31
      },
      "spriteSourceSize": {
        "x": 12,
        "y": 18,
        "w": 41,
        "h": 31
      },
      "sourceSize": {
        "w": 64,
        "h": 52
      }
    },
    "Dead (9)": {
      "trimmed": true,
      "rotated": false,
      "frame": {
        "x": 678,
        "y": 34,
        "w": 41,
        "h": 31
      },
      "spriteSourceSize": {
        "x": 12,
        "y": 18,
        "w": 41,
        "h": 31
      },
      "sourceSize": {
        "w": 64,
        "h": 52
      }
    },
    "Dead (2)": {
      "trimmed": true,
      "rotated": false,
      "frame": {
        "x": 719,
        "y": 34,
        "w": 36,
        "h": 37
      },
      "spriteSourceSize": {
        "x": 11,
        "y": 12,
        "w": 36,
        "h": 37
      },
      "sourceSize": {
        "w": 64,
        "h": 52
      }
    },
    "Dead (3)": {
      "trimmed": true,
      "rotated": false,
      "frame": {
        "x": 629,
        "y": 1,
        "w": 40,
        "h": 33
      },
      "spriteSourceSize": {
        "x": 13,
        "y": 16,
        "w": 40,
        "h": 33
      },
      "sourceSize": {
        "w": 64,
        "h": 52
      }
    },
    "Dead (4)": {
      "trimmed": true,
      "rotated": false,
      "frame": {
        "x": 543,
        "y": 32,
        "w": 45,
        "h": 33
      },
      "spriteSourceSize": {
        "x": 11,
        "y": 17,
        "w": 45,
        "h": 33
      },
      "sourceSize": {
        "w": 64,
        "h": 52
      }
    },
    "Dead (5)": {
      "trimmed": true,
      "rotated": false,
      "frame": {
        "x": 588,
        "y": 35,
        "w": 48,
        "h": 30
      },
      "spriteSourceSize": {
        "x": 11,
        "y": 19,
        "w": 48,
        "h": 30
      },
      "sourceSize": {
        "w": 64,
        "h": 52
      }
    },
    "Dead (6)": {
      "trimmed": true,
      "rotated": false,
      "frame": {
        "x": 636,
        "y": 34,
        "w": 42,
        "h": 31
      },
      "spriteSourceSize": {
        "x": 12,
        "y": 19,
        "w": 42,
        "h": 31
      },
      "sourceSize": {
        "w": 64,
        "h": 52
      }
    },
    "Dead (7)": {
      "trimmed": true,
      "rotated": false,
      "frame": {
        "x": 543,
        "y": 1,
        "w": 41,
        "h": 31
      },
      "spriteSourceSize": {
        "x": 12,
        "y": 18,
        "w": 41,
        "h": 31
      },
      "sourceSize": {
        "w": 64,
        "h": 52
      }
    },
    "Dead (8)": {
      "trimmed": true,
      "rotated": false,
      "frame": {
        "x": 588,
        "y": 4,
        "w": 41,
        "h": 31
      },
      "spriteSourceSize": {
        "x": 12,
        "y": 18,
        "w": 41,
        "h": 31
      },
      "sourceSize": {
        "w": 64,
        "h": 52
      }
    },
    "Idle (1)": {
      "trimmed": true,
      "rotated": false,
      "frame": {
        "x": 527,
        "y": 125,
        "w": 39,
        "h": 59
      },
      "spriteSourceSize": {
        "x": 3,
        "y": 3,
        "w": 39,
        "h": 59
      },
      "sourceSize": {
        "w": 49,
        "h": 64
      }
    },
    "Idle (10)": {
      "trimmed": true,
      "rotated": false,
      "frame": {
        "x": 566,
        "y": 125,
        "w": 39,
        "h": 59
      },
      "spriteSourceSize": {
        "x": 3,
        "y": 3,
        "w": 39,
        "h": 59
      },
      "sourceSize": {
        "w": 49,
        "h": 64
      }
    },
    "Idle (2)": {
      "trimmed": true,
      "rotated": false,
      "frame": {
        "x": 605,
        "y": 125,
        "w": 39,
        "h": 59
      },
      "spriteSourceSize": {
        "x": 3,
        "y": 3,
        "w": 39,
        "h": 59
      },
      "sourceSize": {
        "w": 49,
        "h": 64
      }
    },
    "Idle (3)": {
      "trimmed": true,
      "rotated": false,
      "frame": {
        "x": 644,
        "y": 125,
        "w": 39,
        "h": 59
      },
      "spriteSourceSize": {
        "x": 3,
        "y": 3,
        "w": 39,
        "h": 59
      },
      "sourceSize": {
        "w": 49,
        "h": 64
      }
    },
    "Idle (4)": {
      "trimmed": true,
      "rotated": false,
      "frame": {
        "x": 683,
        "y": 125,
        "w": 39,
        "h": 59
      },
      "spriteSourceSize": {
        "x": 3,
        "y": 3,
        "w": 39,
        "h": 59
      },
      "sourceSize": {
        "w": 49,
        "h": 64
      }
    },
    "Idle (5)": {
      "trimmed": true,
      "rotated": false,
      "frame": {
        "x": 213,
        "y": 62,
        "w": 40,
        "h": 59
      },
      "spriteSourceSize": {
        "x": 3,
        "y": 3,
        "w": 40,
        "h": 59
      },
      "sourceSize": {
        "w": 49,
        "h": 64
      }
    },
    "Idle (6)": {
      "trimmed": true,
      "rotated": false,
      "frame": {
        "x": 253,
        "y": 62,
        "w": 40,
        "h": 59
      },
      "spriteSourceSize": {
        "x": 3,
        "y": 3,
        "w": 40,
        "h": 59
      },
      "sourceSize": {
        "w": 49,
        "h": 64
      }
    },
    "Idle (7)": {
      "trimmed": true,
      "rotated": false,
      "frame": {
        "x": 293,
        "y": 62,
        "w": 40,
        "h": 59
      },
      "spriteSourceSize": {
        "x": 3,
        "y": 3,
        "w": 40,
        "h": 59
      },
      "sourceSize": {
        "w": 49,
        "h": 64
      }
    },
    "Idle (8)": {
      "trimmed": true,
      "rotated": false,
      "frame": {
        "x": 722,
        "y": 125,
        "w": 39,
        "h": 59
      },
      "spriteSourceSize": {
        "x": 3,
        "y": 3,
        "w": 39,
        "h": 59
      },
      "sourceSize": {
        "w": 49,
        "h": 64
      }
    },
    "Idle (9)": {
      "trimmed": true,
      "rotated": false,
      "frame": {
        "x": 118,
        "y": 0,
        "w": 39,
        "h": 59
      },
      "spriteSourceSize": {
        "x": 3,
        "y": 3,
        "w": 39,
        "h": 59
      },
      "sourceSize": {
        "w": 49,
        "h": 64
      }
    },
    "Jump (1)": {
      "trimmed": true,
      "rotated": false,
      "frame": {
        "x": 373,
        "y": 61,
        "w": 38,
        "h": 60
      },
      "spriteSourceSize": {
        "x": 7,
        "y": 3,
        "w": 38,
        "h": 60
      },
      "sourceSize": {
        "w": 49,
        "h": 64
      }
    },
    "Jump (10)": {
      "trimmed": true,
      "rotated": false,
      "frame": {
        "x": 41,
        "y": 0,
        "w": 37,
        "h": 58
      },
      "spriteSourceSize": {
        "x": 7,
        "y": 4,
        "w": 37,
        "h": 58
      },
      "sourceSize": {
        "w": 49,
        "h": 64
      }
    },
    "Jump (2)": {
      "trimmed": true,
      "rotated": false,
      "frame": {
        "x": 679,
        "y": 65,
        "w": 37,
        "h": 60
      },
      "spriteSourceSize": {
        "x": 6,
        "y": 2,
        "w": 37,
        "h": 60
      },
      "sourceSize": {
        "w": 49,
        "h": 64
      }
    },
    "Jump (3)": {
      "trimmed": true,
      "rotated": false,
      "frame": {
        "x": 716,
        "y": 71,
        "w": 41,
        "h": 54
      },
      "spriteSourceSize": {
        "x": 1,
        "y": 2,
        "w": 41,
        "h": 54
      },
      "sourceSize": {
        "w": 49,
        "h": 64
      }
    },
    "Jump (4)": {
      "trimmed": true,
      "rotated": false,
      "frame": {
        "x": 424,
        "y": 9,
        "w": 40,
        "h": 54
      },
      "spriteSourceSize": {
        "x": 2,
        "y": 2,
        "w": 40,
        "h": 54
      },
      "sourceSize": {
        "w": 49,
        "h": 64
      }
    },
    "Jump (5)": {
      "trimmed": true,
      "rotated": false,
      "frame": {
        "x": 464,
        "y": 10,
        "w": 39,
        "h": 54
      },
      "spriteSourceSize": {
        "x": 2,
        "y": 2,
        "w": 39,
        "h": 54
      },
      "sourceSize": {
        "w": 49,
        "h": 64
      }
    },
    "Jump (6)": {
      "trimmed": true,
      "rotated": false,
      "frame": {
        "x": 503,
        "y": 11,
        "w": 40,
        "h": 54
      },
      "spriteSourceSize": {
        "x": 1,
        "y": 2,
        "w": 40,
        "h": 54
      },
      "sourceSize": {
        "w": 49,
        "h": 64
      }
    },
    "Jump (7)": {
      "trimmed": true,
      "rotated": false,
      "frame": {
        "x": 401,
        "y": 124,
        "w": 41,
        "h": 60
      },
      "spriteSourceSize": {
        "x": 1,
        "y": 2,
        "w": 41,
        "h": 60
      },
      "sourceSize": {
        "w": 49,
        "h": 64
      }
    },
    "Jump (8)": {
      "trimmed": true,
      "rotated": false,
      "frame": {
        "x": 442,
        "y": 125,
        "w": 42,
        "h": 59
      },
      "spriteSourceSize": {
        "x": 1,
        "y": 3,
        "w": 42,
        "h": 59
      },
      "sourceSize": {
        "w": 49,
        "h": 64
      }
    },
    "Jump (9)": {
      "trimmed": true,
      "rotated": false,
      "frame": {
        "x": 0,
        "y": 0,
        "w": 41,
        "h": 58
      },
      "spriteSourceSize": {
        "x": 3,
        "y": 3,
        "w": 41,
        "h": 58
      },
      "sourceSize": {
        "w": 49,
        "h": 64
      }
    },
    "Run (1)": {
      "trimmed": true,
      "rotated": false,
      "frame": {
        "x": 195,
        "y": 0,
        "w": 39,
        "h": 60
      },
      "spriteSourceSize": {
        "x": 6,
        "y": 3,
        "w": 39,
        "h": 60
      },
      "sourceSize": {
        "w": 49,
        "h": 64
      }
    },
    "Run (2)": {
      "trimmed": true,
      "rotated": false,
      "frame": {
        "x": 310,
        "y": 1,
        "w": 38,
        "h": 61
      },
      "spriteSourceSize": {
        "x": 6,
        "y": 0,
        "w": 38,
        "h": 61
      },
      "sourceSize": {
        "w": 49,
        "h": 64
      }
    },
    "Run (3)": {
      "trimmed": true,
      "rotated": false,
      "frame": {
        "x": 78,
        "y": 2,
        "w": 40,
        "h": 56
      },
      "spriteSourceSize": {
        "x": 3,
        "y": 3,
        "w": 40,
        "h": 56
      },
      "sourceSize": {
        "w": 49,
        "h": 64
      }
    },
    "Run (4)": {
      "trimmed": true,
      "rotated": false,
      "frame": {
        "x": 157,
        "y": 0,
        "w": 38,
        "h": 59
      },
      "spriteSourceSize": {
        "x": 6,
        "y": 3,
        "w": 38,
        "h": 59
      },
      "sourceSize": {
        "w": 49,
        "h": 64
      }
    },
    "Run (5)": {
      "trimmed": true,
      "rotated": false,
      "frame": {
        "x": 565,
        "y": 65,
        "w": 38,
        "h": 60
      },
      "spriteSourceSize": {
        "x": 7,
        "y": 3,
        "w": 38,
        "h": 60
      },
      "sourceSize": {
        "w": 49,
        "h": 64
      }
    },
    "Run (6)": {
      "trimmed": true,
      "rotated": false,
      "frame": {
        "x": 173,
        "y": 60,
        "w": 40,
        "h": 61
      },
      "spriteSourceSize": {
        "x": 4,
        "y": 0,
        "w": 40,
        "h": 61
      },
      "sourceSize": {
        "w": 49,
        "h": 64
      }
    },
    "Run (7)": {
      "trimmed": true,
      "rotated": false,
      "frame": {
        "x": 484,
        "y": 127,
        "w": 43,
        "h": 57
      },
      "spriteSourceSize": {
        "x": 0,
        "y": 3,
        "w": 43,
        "h": 57
      },
      "sourceSize": {
        "w": 49,
        "h": 64
      }
    },
    "Run (8)": {
      "trimmed": true,
      "rotated": false,
      "frame": {
        "x": 333,
        "y": 62,
        "w": 40,
        "h": 59
      },
      "spriteSourceSize": {
        "x": 4,
        "y": 3,
        "w": 40,
        "h": 59
      },
      "sourceSize": {
        "w": 49,
        "h": 64
      }
    },
    "Slide (1)": {
      "trimmed": true,
      "rotated": false,
      "frame": {
        "x": 116,
        "y": 122,
        "w": 58,
        "h": 62
      },
      "spriteSourceSize": {
        "x": 1,
        "y": 0,
        "w": 58,
        "h": 62
      },
      "sourceSize": {
        "w": 59,
        "h": 64
      }
    },
    "Slide (10)": {
      "trimmed": true,
      "rotated": false,
      "frame": {
        "x": 0,
        "y": 121,
        "w": 58,
        "h": 63
      },
      "spriteSourceSize": {
        "x": 1,
        "y": 0,
        "w": 58,
        "h": 63
      },
      "sourceSize": {
        "w": 59,
        "h": 64
      }
    },
    "Slide (2)": {
      "trimmed": true,
      "rotated": false,
      "frame": {
        "x": 0,
        "y": 58,
        "w": 58,
        "h": 63
      },
      "spriteSourceSize": {
        "x": 1,
        "y": 0,
        "w": 58,
        "h": 63
      },
      "sourceSize": {
        "w": 59,
        "h": 64
      }
    },
    "Slide (3)": {
      "trimmed": true,
      "rotated": false,
      "frame": {
        "x": 58,
        "y": 121,
        "w": 58,
        "h": 63
      },
      "spriteSourceSize": {
        "x": 1,
        "y": 0,
        "w": 58,
        "h": 63
      },
      "sourceSize": {
        "w": 59,
        "h": 64
      }
    },
    "Slide (4)": {
      "trimmed": true,
      "rotated": false,
      "frame": {
        "x": 116,
        "y": 59,
        "w": 57,
        "h": 63
      },
      "spriteSourceSize": {
        "x": 2,
        "y": 0,
        "w": 57,
        "h": 63
      },
      "sourceSize": {
        "w": 59,
        "h": 64
      }
    },
    "Slide (5)": {
      "trimmed": true,
      "rotated": false,
      "frame": {
        "x": 174,
        "y": 121,
        "w": 57,
        "h": 63
      },
      "spriteSourceSize": {
        "x": 2,
        "y": 0,
        "w": 57,
        "h": 63
      },
      "sourceSize": {
        "w": 59,
        "h": 64
      }
    },
    "Slide (6)": {
      "trimmed": true,
      "rotated": false,
      "frame": {
        "x": 345,
        "y": 121,
        "w": 56,
        "h": 63
      },
      "spriteSourceSize": {
        "x": 3,
        "y": 0,
        "w": 56,
        "h": 63
      },
      "sourceSize": {
        "w": 59,
        "h": 64
      }
    },
    "Slide (7)": {
      "trimmed": true,
      "rotated": false,
      "frame": {
        "x": 231,
        "y": 121,
        "w": 57,
        "h": 63
      },
      "spriteSourceSize": {
        "x": 2,
        "y": 0,
        "w": 57,
        "h": 63
      },
      "sourceSize": {
        "w": 59,
        "h": 64
      }
    },
    "Slide (8)": {
      "trimmed": true,
      "rotated": false,
      "frame": {
        "x": 288,
        "y": 121,
        "w": 57,
        "h": 63
      },
      "spriteSourceSize": {
        "x": 2,
        "y": 0,
        "w": 57,
        "h": 63
      },
      "sourceSize": {
        "w": 59,
        "h": 64
      }
    },
    "Slide (9)": {
      "trimmed": true,
      "rotated": false,
      "frame": {
        "x": 58,
        "y": 58,
        "w": 58,
        "h": 63
      },
      "spriteSourceSize": {
        "x": 1,
        "y": 0,
        "w": 58,
        "h": 63
      },
      "sourceSize": {
        "w": 59,
        "h": 64
      }
    },
    "Walk (1)": {
      "trimmed": true,
      "rotated": false,
      "frame": {
        "x": 487,
        "y": 67,
        "w": 39,
        "h": 60
      },
      "spriteSourceSize": {
        "x": 3,
        "y": 2,
        "w": 39,
        "h": 60
      },
      "sourceSize": {
        "w": 49,
        "h": 64
      }
    },
    "Walk (10)": {
      "trimmed": true,
      "rotated": false,
      "frame": {
        "x": 348,
        "y": 0,
        "w": 38,
        "h": 61
      },
      "spriteSourceSize": {
        "x": 3,
        "y": 2,
        "w": 38,
        "h": 61
      },
      "sourceSize": {
        "w": 49,
        "h": 64
      }
    },
    "Walk (2)": {
      "trimmed": true,
      "rotated": false,
      "frame": {
        "x": 234,
        "y": 0,
        "w": 38,
        "h": 62
      },
      "spriteSourceSize": {
        "x": 3,
        "y": 0,
        "w": 38,
        "h": 62
      },
      "sourceSize": {
        "w": 49,
        "h": 64
      }
    },
    "Walk (3)": {
      "trimmed": true,
      "rotated": false,
      "frame": {
        "x": 386,
        "y": 0,
        "w": 38,
        "h": 61
      },
      "spriteSourceSize": {
        "x": 3,
        "y": 2,
        "w": 38,
        "h": 61
      },
      "sourceSize": {
        "w": 49,
        "h": 64
      }
    },
    "Walk (4)": {
      "trimmed": true,
      "rotated": false,
      "frame": {
        "x": 603,
        "y": 65,
        "w": 38,
        "h": 60
      },
      "spriteSourceSize": {
        "x": 3,
        "y": 2,
        "w": 38,
        "h": 60
      },
      "sourceSize": {
        "w": 49,
        "h": 64
      }
    },
    "Walk (5)": {
      "trimmed": true,
      "rotated": false,
      "frame": {
        "x": 411,
        "y": 63,
        "w": 38,
        "h": 61
      },
      "spriteSourceSize": {
        "x": 3,
        "y": 2,
        "w": 38,
        "h": 61
      },
      "sourceSize": {
        "w": 49,
        "h": 64
      }
    },
    "Walk (6)": {
      "trimmed": true,
      "rotated": false,
      "frame": {
        "x": 526,
        "y": 65,
        "w": 39,
        "h": 60
      },
      "spriteSourceSize": {
        "x": 3,
        "y": 2,
        "w": 39,
        "h": 60
      },
      "sourceSize": {
        "w": 49,
        "h": 64
      }
    },
    "Walk (7)": {
      "trimmed": true,
      "rotated": false,
      "frame": {
        "x": 272,
        "y": 0,
        "w": 38,
        "h": 62
      },
      "spriteSourceSize": {
        "x": 3,
        "y": 0,
        "w": 38,
        "h": 62
      },
      "sourceSize": {
        "w": 49,
        "h": 64
      }
    },
    "Walk (8)": {
      "trimmed": true,
      "rotated": false,
      "frame": {
        "x": 449,
        "y": 64,
        "w": 38,
        "h": 61
      },
      "spriteSourceSize": {
        "x": 3,
        "y": 2,
        "w": 38,
        "h": 61
      },
      "sourceSize": {
        "w": 49,
        "h": 64
      }
    },
    "Walk (9)": {
      "trimmed": true,
      "rotated": false,
      "frame": {
        "x": 641,
        "y": 65,
        "w": 38,
        "h": 60
      },
      "spriteSourceSize": {
        "x": 3,
        "y": 2,
        "w": 38,
        "h": 60
      },
      "sourceSize": {
        "w": 49,
        "h": 64
      }
    }
  },
  "meta": {
    "app": "Phaser Editor",
    "version": "1",
    "image": "jack.png"
  }
}