{
  "level": [
    {
      "type": "image",
      "key": "about",
      "url": "assets/images/about.png",
      "overwrite": false
    },
    {
      "type": "image",
      "key": "bg",
      "url": "assets/images/bg.png",
      "overwrite": false
    },
    {
      "type": "image",
      "key": "logo",
      "url": "assets/images/logo.png",
      "overwrite": false
    },
    {
      "type": "image",
      "key": "tap to start",
      "url": "assets/images/tap to start.png",
      "overwrite": false
    },
    {
      "type": "image",
      "key": "bg2",
      "url": "assets/images/bg2.png",
      "overwrite": false
    },
    {
      "type": "audio",
      "key": "menu",
      "urls": ["assets/images/sound/menu.ogg"],
      "autoDecode": true
    },
    {
      "type": "spritesheet",
      "key": "tile_sheet",
      "url": "assets/tliemap/tile_sheet.png",
      "frameWidth": 64,
      "frameHeight": 64,
      "frameMax": -1,
      "margin": 0,
      "spacing": 0
    },
    {
      "type": "tilemap",
      "key": "lab7",
      "url": "assets/tliemap/lab7.json",
      "format": "TILED_JSON"
    },
    {
      "type": "atlas",
      "key": "dog",
      "textureURL": "assets/atlas/dog.png",
      "atlasURL": "assets/atlas/dog.json",
      "format": "TEXTURE_ATLAS_JSON_HASH"
    },
    {
      "type": "atlas",
      "key": "jack",
      "textureURL": "assets/atlas/jack.png",
      "atlasURL": "assets/atlas/jack.json",
      "format": "TEXTURE_ATLAS_JSON_HASH"
    },
    {
      "type": "atlas",
      "key": "cat",
      "textureURL": "assets/atlas/cat.png",
      "atlasURL": "assets/atlas/cat.json",
      "format": "TEXTURE_ATLAS_JSON_HASH"
    },
    {
      "type": "image",
      "key": "bg3",
      "url": "assets/images/bg3.png",
      "overwrite": false
    },
    {
      "type": "image",
      "key": "back",
      "url": "assets/images/back.png",
      "overwrite": false
    },
    {
      "type": "image",
      "key": "Story1",
      "url": "assets/images/Story1.png",
      "overwrite": false
    },
    {
      "type": "image",
      "key": "Story3",
      "url": "assets/images/storry3.png",
      "overwrite": false
    },
    {
      "type": "image",
      "key": "Story2",
      "url": "assets/images/story2.png",
      "overwrite": false
    },
    {
      "type": "audio",
      "key": "StorySound",
      "urls": ["assets/images/sound/StorySound.ogg"],
      "autoDecode": true
    },
    {
      "type": "image",
      "key": "Goal",
      "url": "assets/images/Goal.png",
      "overwrite": false
    },
    {
      "type": "image",
      "key": "Star",
      "url": "assets/images/Star.png",
      "overwrite": false
    },
    {
      "type": "image",
      "key": "water",
      "url": "assets/images/water.png",
      "overwrite": false
    },
    {
      "type": "atlas",
      "key": "marry",
      "textureURL": "assets/atlas/marry.png",
      "atlasURL": "assets/atlas/marry.json",
      "format": "TEXTURE_ATLAS_JSON_HASH"
    },
    {
      "type": "image",
      "key": "gameover",
      "url": "assets/images/GameOver.png",
      "overwrite": false
    },
    {
      "type": "image",
      "key": "How",
      "url": "assets/images/How.png",
      "overwrite": false
    },
    {
      "type": "image",
      "key": "How2",
      "url": "assets/images/How2.png",
      "overwrite": false
    },
    {
      "type": "image",
      "key": "clear",
      "url": "assets/images/Clear.png",
      "overwrite": false
    },
    {
      "type": "image",
      "key": "bg4",
      "url": "assets/images/bg4.png",
      "overwrite": false
    },
    {
      "type": "audio",
      "key": "died",
      "urls": ["assets/images/sound/died.ogg"],
      "autoDecode": true
    },
    {
      "type": "audio",
      "key": "musicgame",
      "urls": ["assets/images/sound/musicgame.ogg"],
      "autoDecode": true
    },
    {
      "type": "tilemap",
      "key": "lab8",
      "url": "assets/tliemap/lab8.json",
      "format": "TILED_JSON"
    },
    {
      "type": "image",
      "key": "item",
      "url": "assets/images/item.png",
      "overwrite": false
    },
    {
      "type": "image",
      "key": "bg5",
      "url": "assets/images/bg5.png",
      "overwrite": false
    },
    {
      "type": "image",
      "key": "restart",
      "url": "assets/images/restart.png",
      "overwrite": false
    },
    {
      "type": "audio",
      "key": "star",
      "urls": ["assets/images/sound/star.ogg"],
      "autoDecode": true
    },
    {
      "type": "audio",
      "key": "jumpp",
      "urls": ["assets/images/sound/jumpp.ogg"],
      "autoDecode": true
    },
    {
      "type": "audio",
      "key": "victory",
      "urls": ["assets/images/sound/victory.ogg"],
      "autoDecode": true
    }
  ],
  "start": [{
    "type": "image",
    "key": "tap-to-start",
    "url": "assets/images/tap-to-start.png",
    "overwrite": false
  }],
  "preload": [{
    "type": "image",
    "key": "loading",
    "url": "assets/images/loading.png",
    "overwrite": false
  }],
  "meta": {
    "generated": "1511244977836",
    "app": "Phaser Editor",
    "url": "http://phasereditor.boniatillo.com",
    "version": "1.0",
    "copyright": "Arian Fornaris (c) 2015,2016"
  }
}